"wmc","dit","noc","cbo","rfc","lcom","ca","ce","npm","lcom3","loc","dam","moa","mfa","cam","ic","cbm","amc","max_cc","avg_cc","bug"
21,5,0,12,77,68,8,5,13,0.834090909,660,0.409090909,2,0.962886598,0.214285714,0,0,29.38095238,6,1.7143,"1"
4,1,0,2,5,6,0,2,4,2,10,0,0,0,0.875,0,0,1.5,1,0.75,"0"
3,1,0,4,3,3,4,1,3,2,3,0,0,0,1,0,0,0,1,1,"0"
5,1,0,6,15,10,1,5,4,2,45,0,0,0,0.7,0,0,8,5,1.6,"1"
3,1,0,2,7,0,2,0,3,0,24,1,0,0,0.833333333,0,0,6.666666667,1,0.6667,"0"
2,2,0,5,15,1,1,4,1,2,58,0,0,0.75,0.75,1,1,28,5,2.5,"0"
3,2,0,6,25,3,1,5,1,2,87,0,0,0.6,0.666666667,1,1,28,2,1.3333,"1"
1,1,0,0,2,0,0,0,1,2,4,0,0,0,1,0,0,3,0,0,"0"
10,6,0,5,43,33,4,3,9,0.888888889,239,0.4,1,0.983539095,0.444444444,0,0,22.4,3,1,"1"
2,2,0,4,7,1,1,3,1,2,16,0,0,0.75,0.75,0,0,7,2,1,"0"
2,1,0,6,9,0,1,5,1,0.875,100,1,0,0,1,0,0,45,0,0,"0"
10,2,0,1,34,23,1,0,7,0.388888889,249,1,0,0.68,0.34,1,2,23.7,3,1,"0"
20,6,0,10,57,146,4,8,17,0.907894737,308,0.5,1,0.963709677,0.180451128,0,0,14,1,0.9,"1"
7,6,0,1,34,1,1,0,5,0.333333333,172,1,0,0.990543735,0.285714286,0,0,23.42857143,3,1,"0"
5,1,0,4,26,0,0,4,4,0.666666667,109,0.666666667,0,0,0.583333333,0,0,20.2,2,0.8,"0"
6,1,0,1,7,15,1,0,5,2,10,0,0,0,0.6,0,0,0.666666667,1,0.6667,"0"
43,2,0,27,150,685,1,26,26,0.897959184,1815,0.785714286,0,0.378787879,0.11627907,2,3,40.55813953,22,1.4884,"1"
9,2,0,0,33,22,0,0,6,0.375,220,1,0,0.68,0.355555556,1,2,23.22222222,2,1,"0"
2,2,0,3,8,1,1,2,1,2,28,0,0,0.75,0.75,0,0,13,3,1.5,"0"
1,1,0,3,1,0,3,1,1,2,1,0,0,0,1,0,0,0,1,1,"0"
6,1,0,17,73,15,1,16,6,2,644,0,0,0,0.833333333,0,0,106.3333333,1,0.8333,"1"
2,2,0,2,10,0,1,1,2,0,47,1,0,0.979166667,0.666666667,0,0,21,1,0.5,"0"
7,1,0,11,24,15,5,6,6,0.791666667,73,0.5,2,0,0.142857143,0,0,8.857142857,1,0.8571,"1"
2,1,0,10,15,1,1,9,2,2,46,0,0,0,0.5,0,0,22,2,1,"0"
